Model,Accuracy,Precision,Recall,F1 Score
EfficientNetB0,0.9081545064377684,0.9086627077013604,0.9081545064377684,0.9042877954901436
EfficientNetB1,0.918884120171674,0.9183936722559066,0.918884120171674,0.917313922183704
EfficientNetB2,0.9210300429184548,0.923928127087551,0.9210300429184548,0.922141258849794
EfficientNetB3,0.8733905579399142,0.877055931112677,0.8733905579399142,0.8734442664133926
EfficientNetB0,0.8957081545064378,0.8962964519630885,0.8957081545064378,0.8936485038788383
EfficientNetB1,0.9154506437768241,0.9160139903613993,0.9154506437768241,0.9155094537452086
