Model,Accuracy,Precision,Recall,F1-Score
CNN,0.4952380955219269,0.45044320758606465,0.49523809523809526,0.45602970205180965
VGG16,0.7269841432571411,0.7861095045305572,0.726984126984127,0.7026511365071646
VGG19,0.7428571581840515,0.7829190863337204,0.7428571428571429,0.7300062326619925
RESNET,0.5206349492073059,0.29336589336589336,0.5206349206349207,0.373892924401399
Inceptionv3,0.7079365253448486,0.7160145972307318,0.707936507936508,0.7090196667467692
Xception,0.682539701461792,0.7238040574879742,0.6825396825396826,0.6871042477625009
Mobilenet,0.7555555701255798,0.7808947544242771,0.7555555555555555,0.7546686360396402
MobilenetV2,0.682539701461792,0.7347740389224428,0.6825396825396826,0.6708480292355904
