{
    "loss": 0.9928299188613892,
    "accuracy": 0.8776978254318237
}